{
  "ENGLISH": {
    "name": "Name",
    "firstName": "First Name",
    "familyName": "Last Name",
    "email": "Email",
    "street1": "Street Address",
    "street2": "Street Address 2",
    "postalCode": "Postal Code",
    "city": "City",
    "state": "State",
    "chooseState": "Choose State",
    "country": "Country",
    "chooseCountry": "Choose Country",
    "address": "Address",
    "phoneNumber": "Phone Number",
    "fieldCantBeBlank": "This field can't be blank",
    "fieldIsTooShort": "This field is too short (minimum is 3 characters)",
    "fieldMustBeValidEmail": "This field must be a valid email address",
    "provideInfo": "Provide Info",
    "proceed": "Proceed",
    "selectAServicePlan": "Select a Service Plan",
    "selectedServicePlan": "Selected Service Plan",
    "viewOtherOptions": "View Other Options",
    "select": "Select",
    "selected": "Selected",
    "monthPeriod": "Month period",
    "recurring": "recurring",
    "currencySymbol": "$",
    "payment": "Payment",
    "reviewServiceSignupDetails": "Review your service signup details",
    "serviceDetails": "Service Details",
    "accountInfo": "Account Info",
    "submittingInformation": "Submitting Information",
    "errorWithRequest": "Sorry, there was an error with your request.",
    "confirmInformationAndSubmit": "Confirm Information and Submit",
    "signupComplete": "Signup Complete",
    "cannotBeEmpty": "cannot be empty",
    "invalidData": "Invalid Data",
    "invalidInfo": "Invalid Info",
    "hasSignedUp": "has signed up",
    "servicesCreated": "Services Created",
    "paymentFailed": "Payment Failed",
    "clientFailed": "Client failed",
    "chargeFailed": "Charge Failed",
    "customAttrNotSet": "Custom Attr not set on client",
    "clientNotFound": "Client not found",
    "generatedByPlugin": "Generated by UCRM Client Signup Plugin",
    "permissionDenied": "You do not have permission to access this page."
  },
  "FRENCH": {
    "name": "Nom",
    "firstName": "Prénom",
    "familyName": "Nom de Famille",
    "email": "Courriel",
    "street1": "Adresse",
    "street2": "Adresse 2",
    "postalCode": "Code Postale",
    "city": "Ville",
    "state": "Province",
    "chooseState": "Choisir Province",
    "country": "Pays",
    "chooseCountry": "Choisir Pays",
    "address": "Adresse",
    "phoneNumber": "Téléphone",
    "fieldCantBeBlank": "Cette case ne peut rester vide",
    "fieldIsTooShort": "Cette réponse est trop courte(minimum is 3 charactères)",
    "fieldMustBeValidEmail": "Adresse courriel n'est pas valide",
    "provideInfo": "Veuillez fournir vos informations",
    "proceed": "Soumettre",
    "selectAServicePlan": "Sélectionner un Forfait",
    "selectedServicePlan": "Forfait choisit",
    "viewOtherOptions": "Voir autre options",
    "select": "Sélectionner",
    "selected": "Choisit",
    "monthPeriod": "Mois période",
    "recurring": "récurrent",
    "currencySymbol": "$",
    "payment": "Paiement",
    "reviewServiceSignupDetails": "Vérifiez les détails de votre inscription au service",
    "serviceDetails": "Service Détails",
    "accountInfo": "Informations de compte",
    "submittingInformation": "Envoi d'informations",
    "errorWithRequest": "Désolé, il y a eu une erreur avec votre demande.",
    "confirmInformationAndSubmit": "Confirmer les informations et soumettre",
    "signupComplete": "Inscription terminée",
    "cannotBeEmpty": "ne peux pas être vide",
    "invalidData": "Données invalides",
    "invalidInfo": "Information invalide",
    "hasSignedUp": "a signé",
    "servicesCreated": "Services créés",
    "paymentFailed": "Paiement échoué",
    "clientFailed": "Client a échoué",
    "chargeFailed": "Charge Failed",
    "customAttrNotSet": "Attribut personnalisé non défini sur le client",
    "clientNotFound": "Client non trouvé",
    "generatedByPlugin": "Généré par le plugin UCRM Client Signup",
    "permissionDenied": "Vous n'avez pas la permission d'accéder à cette page."
  }
}
